medium_threshold,high_threshold,f1_macro
30.0,55.0,0.6386255369212797
28.0,55.0,0.6349778444857875
30.0,57.0,0.6242203204012778
28.0,57.0,0.6206339901586487
26.0,55.0,0.6176828810601993
32.0,55.0,0.6154394247600629
30.0,59.0,0.6104340411896322
28.0,59.0,0.6067710751161163
26.0,57.0,0.6034215611549313
30.0,61.0,0.6023134992499476
32.0,57.0,0.6011182485376034
24.0,55.0,0.6006804027924735
28.0,61.0,0.5985292052373249
30.0,63.0,0.5940377615961039
28.0,63.0,0.5902364962720982
26.0,59.0,0.5895693728511748
34.0,55.0,0.5881177946177646
32.0,59.0,0.5875543219419265
24.0,57.0,0.5864803450172986
22.0,55.0,0.5846163674402736
26.0,61.0,0.5812990504814491
32.0,61.0,0.5796551460991116
34.0,57.0,0.5739428565277778
26.0,63.0,0.5730213740855484
24.0,59.0,0.572626051564285
32.0,63.0,0.5714645111236921
22.0,57.0,0.5704608052261316
20.0,55.0,0.5684203781618774
24.0,61.0,0.5643225539640863
30.0,65.0,0.5612953271590847
34.0,59.0,0.5606650078610641
28.0,65.0,0.55765238906291
22.0,59.0,0.5566070626678928
24.0,63.0,0.5560526893754302
36.0,55.0,0.5551470060666223
20.0,57.0,0.5543062612523485
34.0,61.0,0.553031349084801
22.0,61.0,0.5482818902191418
34.0,63.0,0.5449548586728018
36.0,57.0,0.5411969203312368
26.0,65.0,0.5405867510657111
20.0,59.0,0.5404632562270114
22.0,63.0,0.5400184036899931
32.0,65.0,0.5387527660515503
30.0,67.0,0.5331593973435266
20.0,61.0,0.5321300457269
28.0,67.0,0.5296643191651015
36.0,59.0,0.5283002504099488
38.0,55.0,0.5252516331951083
20.0,63.0,0.523875940484209
24.0,65.0,0.5237352940183028
36.0,61.0,0.521005099200324
36.0,63.0,0.5130840563220026
26.0,67.0,0.5127254329664493
34.0,65.0,0.5123515534711686
38.0,57.0,0.5115453421941684
32.0,67.0,0.5106082223599514
22.0,65.0,0.5077852680336911
30.0,69.0,0.5057318943517414
28.0,69.0,0.5023669147189914
40.0,55.0,0.5015627351259956
30.0,73.0,0.49933942240278134
30.0,71.0,0.49933942240278134
30.0,75.0,0.49933942240278134
30.0,79.0,0.49933942240278134
30.0,81.0,0.49933942240278134
30.0,83.0,0.49933942240278134
30.0,77.0,0.49933942240278134
30.0,85.0,0.49933942240278134
38.0,59.0,0.49903407861117527
28.0,81.0,0.49600297745836947
28.0,85.0,0.49600297745836947
28.0,71.0,0.49600297745836947
28.0,73.0,0.49600297745836947
28.0,75.0,0.49600297745836947
28.0,77.0,0.49600297745836947
28.0,79.0,0.49600297745836947
28.0,83.0,0.49600297745836947
24.0,67.0,0.4959752630762793
38.0,61.0,0.49207266965156543
20.0,65.0,0.49171562854551176
40.0,57.0,0.48807353917209834
26.0,69.0,0.485540240330989
42.0,55.0,0.48492565618530015
38.0,63.0,0.4843102997793993
34.0,67.0,0.48425504681587817
32.0,69.0,0.483174487330085
36.0,65.0,0.48067796808854846
22.0,67.0,0.48009781444594246
26.0,85.0,0.47920100258973886
26.0,77.0,0.47920100258973886
26.0,71.0,0.47920100258973886
26.0,79.0,0.47920100258973886
26.0,73.0,0.47920100258973886
26.0,75.0,0.47920100258973886
26.0,83.0,0.47920100258973886
26.0,81.0,0.47920100258973886
32.0,75.0,0.4767808212159406
32.0,77.0,0.4767808212159406
32.0,79.0,0.4767808212159406
32.0,85.0,0.4767808212159406
32.0,83.0,0.4767808212159406
32.0,81.0,0.4767808212159406
32.0,71.0,0.4767808212159406
32.0,73.0,0.4767808212159406
40.0,59.0,0.475886802560696
44.0,55.0,0.47162109433273053
42.0,57.0,0.47160105367982413
40.0,61.0,0.46920039265938357
24.0,69.0,0.4688798360117133
20.0,67.0,0.4640892900167353
24.0,85.0,0.4625603693637828
24.0,79.0,0.4625603693637828
24.0,81.0,0.4625603693637828
24.0,71.0,0.4625603693637828
24.0,73.0,0.4625603693637828
24.0,75.0,0.4625603693637828
24.0,77.0,0.4625603693637828
24.0,83.0,0.4625603693637828
40.0,63.0,0.46157281098924163
46.0,55.0,0.4612028211957689
42.0,59.0,0.45966963457147725
44.0,57.0,0.45843995459285763
34.0,69.0,0.45686529599737685
48.0,55.0,0.4537603169814371
42.0,61.0,0.4532023227787845
22.0,69.0,0.4530668021571079
36.0,67.0,0.4526905438174249
38.0,65.0,0.4521309988485092
34.0,71.0,0.4504814970026357
34.0,81.0,0.4504814970026357
34.0,83.0,0.4504814970026357
34.0,77.0,0.4504814970026357
34.0,75.0,0.4504814970026357
34.0,73.0,0.4504814970026357
34.0,79.0,0.4504814970026357
34.0,85.0,0.4504814970026357
46.0,57.0,0.44814559893693345
22.0,71.0,0.44676153491246007
22.0,85.0,0.44676153491246007
22.0,73.0,0.44676153491246007
22.0,75.0,0.44676153491246007
22.0,79.0,0.44676153491246007
22.0,83.0,0.44676153491246007
22.0,81.0,0.44676153491246007
22.0,77.0,0.44676153491246007
44.0,59.0,0.44672816912723023
42.0,63.0,0.44567939593814737
48.0,57.0,0.44079914093019196
44.0,61.0,0.4404482818007167
50.0,55.0,0.43833788422295045
20.0,69.0,0.4371126114757944
46.0,59.0,0.4366221705032318
44.0,63.0,0.43301538824454283
20.0,75.0,0.4308193331861124
20.0,77.0,0.4308193331861124
20.0,79.0,0.4308193331861124
20.0,81.0,0.4308193331861124
20.0,83.0,0.4308193331861124
20.0,85.0,0.4308193331861124
20.0,71.0,0.4308193331861124
20.0,73.0,0.4308193331861124
46.0,61.0,0.4305024842868776
40.0,65.0,0.4296043691616012
48.0,59.0,0.4294252159474208
50.0,57.0,0.4255674465697466
36.0,69.0,0.4253988525379023
38.0,67.0,0.42427720927500884
48.0,61.0,0.4234336951763386
46.0,63.0,0.4231467343932318
36.0,85.0,0.41903682752217924
36.0,79.0,0.41903682752217924
36.0,77.0,0.41903682752217924
36.0,83.0,0.41903682752217924
36.0,81.0,0.41903682752217924
36.0,71.0,0.41903682752217924
36.0,75.0,0.41903682752217924
36.0,73.0,0.41903682752217924
48.0,63.0,0.41613864539936535
50.0,59.0,0.4144651150822956
42.0,65.0,0.4138633579513808
50.0,61.0,0.40869864153949137
40.0,67.0,0.40188000299836757
50.0,63.0,0.40151632737029375
44.0,65.0,0.40133288124521266
38.0,69.0,0.3971049336171455
46.0,65.0,0.3915796012772134
38.0,83.0,0.3907693350940001
38.0,85.0,0.3907693350940001
38.0,75.0,0.3907693350940001
38.0,73.0,0.3907693350940001
38.0,71.0,0.3907693350940001
38.0,79.0,0.3907693350940001
38.0,81.0,0.3907693350940001
38.0,77.0,0.3907693350940001
42.0,67.0,0.38622935534605013
48.0,65.0,0.3846580358025114
40.0,69.0,0.3748229420926235
44.0,67.0,0.37377867204921644
50.0,65.0,0.3702233806858033
40.0,71.0,0.36851278544645744
40.0,73.0,0.36851278544645744
40.0,75.0,0.36851278544645744
40.0,77.0,0.36851278544645744
40.0,79.0,0.36851278544645744
40.0,81.0,0.36851278544645744
40.0,83.0,0.36851278544645744
40.0,85.0,0.36851278544645744
46.0,67.0,0.3640945485305844
42.0,69.0,0.3592527307305416
48.0,67.0,0.3572235942312722
42.0,79.0,0.35296033519855613
42.0,77.0,0.35296033519855613
42.0,75.0,0.35296033519855613
42.0,73.0,0.35296033519855613
42.0,71.0,0.35296033519855613
42.0,85.0,0.35296033519855613
42.0,83.0,0.35296033519855613
42.0,81.0,0.35296033519855613
44.0,69.0,0.34687296553891334
50.0,67.0,0.34290668673904773
44.0,83.0,0.34059621566508125
44.0,85.0,0.34059621566508125
44.0,71.0,0.34059621566508125
44.0,79.0,0.34059621566508125
44.0,73.0,0.34059621566508125
44.0,75.0,0.34059621566508125
44.0,77.0,0.34059621566508125
44.0,81.0,0.34059621566508125
46.0,69.0,0.3372502360640959
46.0,73.0,0.3309870218510269
46.0,71.0,0.3309870218510269
46.0,85.0,0.3309870218510269
46.0,83.0,0.3309870218510269
46.0,81.0,0.3309870218510269
46.0,79.0,0.3309870218510269
46.0,77.0,0.3309870218510269
46.0,75.0,0.3309870218510269
48.0,69.0,0.33042420425660163
48.0,71.0,0.32417089317985687
48.0,85.0,0.32417089317985687
48.0,83.0,0.32417089317985687
48.0,81.0,0.32417089317985687
48.0,79.0,0.32417089317985687
48.0,77.0,0.32417089317985687
48.0,75.0,0.32417089317985687
48.0,73.0,0.32417089317985687
50.0,69.0,0.31621152181609474
50.0,71.0,0.30998115101837637
50.0,73.0,0.30998115101837637
50.0,75.0,0.30998115101837637
50.0,77.0,0.30998115101837637
50.0,79.0,0.30998115101837637
50.0,81.0,0.30998115101837637
50.0,83.0,0.30998115101837637
50.0,85.0,0.30998115101837637
